Qual é a diferença entre memória e armazenamento?	A memória guarda o que os programas estão usando agora e perde tudo quando a máquina desliga; o armazenamento guarda os dados de forma permanente, mas é mais lento.	CLF-C02 capitulo-0 aula-0_1
O que faz um computador ser um servidor?	O papel que ele cumpre: rodar um programa que espera pedidos de outros computadores (os clientes) e responde a eles.	CLF-C02 capitulo-0 aula-0_1
Para que serve o hipervisor?	Ele divide um computador físico em várias máquinas virtuais, reparte o hardware entre elas e mantém cada uma isolada das outras.	CLF-C02 capitulo-0 aula-0_1
Numa instância EC2, quem aplica os patches do sistema operacional?	O cliente. O sistema operacional da instância é o SO convidado, e a AWS é responsável só pelo que fica abaixo dele: hipervisor, máquina física e datacenter.	CLF-C02 capitulo-0 aula-0_1
Qual é a diferença entre IP público e IP privado?	O IP público é único na internet e pode receber dados de qualquer lugar; o IP privado só vale dentro de uma rede interna e não é alcançável diretamente da internet.	CLF-C02 capitulo-0 aula-0_2
Para que serve a porta, se a máquina já tem um endereço IP?	O IP leva os dados até a máquina; a porta indica qual programa daquela máquina deve recebê-los.	CLF-C02 capitulo-0 aula-0_2
O que o DNS faz, e o que ele não faz?	O DNS traduz um nome de domínio no endereço IP do servidor; ele não protege o servidor nem garante que o site esteja funcionando.	CLF-C02 capitulo-0 aula-0_2
O que o HTTPS acrescenta ao HTTP?	Criptografia da conversa por TLS e um certificado que prova ao navegador que ele está falando com o site verdadeiro.	CLF-C02 capitulo-0 aula-0_2
O que faz uma sub-rede da VPC ser pública?	Ter, na sua tabela de rotas, uma rota para um internet gateway.	CLF-C02 capitulo-0 aula-0_2
Qual é a diferença entre armazenamento em bloco e armazenamento de objetos?	No bloco, o sistema operacional formata o disco e altera pequenos trechos diretamente; no objeto, cada arquivo é gravado inteiro e lido por API, com uma chave e metadados, e mudar um trecho exige gravar o objeto de novo.	CLF-C02 capitulo-0 aula-0_3
Quando faz sentido usar armazenamento de arquivos?	Quando vários servidores precisam acessar os mesmos arquivos ao mesmo tempo, organizados em pastas.	CLF-C02 capitulo-0 aula-0_3
O que caracteriza um banco de dados relacional?	Dados em tabelas com esquema definido, que se relacionam entre si e são consultadas com SQL, com suporte a transações.	CLF-C02 capitulo-0 aula-0_3
Por que um banco não relacional escala com mais facilidade?	Porque as consultas são simples e cada item é encontrado pela sua chave, o que permite espalhar os dados por muitas máquinas.	CLF-C02 capitulo-0 aula-0_3
O que é uma API?	O conjunto de operações que um programa oferece a outros programas, com as regras de como pedir cada uma.	CLF-C02 capitulo-0 aula-0_4
Qual é a diferença entre comunicação síncrona e assíncrona?	Na síncrona, quem chama espera a resposta para continuar; na assíncrona, quem chama deixa o pedido, por exemplo numa fila, e segue em frente sem esperar.	CLF-C02 capitulo-0 aula-0_4
Por que uma fila ajuda quando há um pico de pedidos?	Porque as mensagens se acumulam na fila e os consumidores as processam no próprio ritmo, sem sobrecarregar quem faz o trabalho.	CLF-C02 capitulo-0 aula-0_4
Quando usar um tópico em vez de uma fila?	Quando a mesma mensagem precisa chegar a vários programas ao mesmo tempo.	CLF-C02 capitulo-0 aula-0_4
Qual é a diferença entre autenticação e autorização?	Autenticação prova quem a identidade é; autorização decide o que essa identidade, já autenticada, pode fazer.	CLF-C02 capitulo-0 aula-0_5
Por que o MFA protege mesmo quando a senha vaza?	Porque exige uma segunda prova de outro tipo, normalmente algo que só o usuário tem, como um código gerado no celular.	CLF-C02 capitulo-0 aula-0_5
O que é o princípio do menor privilégio?	Dar a cada identidade só as permissões necessárias para o seu trabalho, nada além.	CLF-C02 capitulo-0 aula-0_5
Qual é a diferença entre criptografia em trânsito e em repouso?	Em trânsito protege os dados enquanto viajam pela rede, como no HTTPS; em repouso protege os dados guardados em disco, banco de dados ou objeto.	CLF-C02 capitulo-0 aula-0_5
Como a AWS define computação em nuvem?	Como a entrega sob demanda de recursos de TI, como computação, bancos de dados, armazenamento e aplicações, pela internet, com preço pago pelo uso.	CLF-C02 dominio-1 secao-1_1
Qual é a diferença entre IaaS, PaaS e SaaS?	É quanto o provedor administra. No IaaS, o provedor entrega rede, computadores e armazenamento, e o cliente cuida do sistema operacional para cima. No PaaS, o provedor também cuida do hardware e do sistema operacional, e o cliente cuida da aplicação. No SaaS, o provedor entrega um produto completo, e o cliente só o usa.	CLF-C02 dominio-1 secao-1_1
O que quer dizer serverless?	Que o cliente roda código ou usa um serviço sem provisionar nem administrar servidores. No AWS Lambda, a AWS cuida da manutenção dos servidores, da capacidade, do escalonamento e dos patches.	CLF-C02 dominio-1 secao-1_1
Uma empresa mantém dados no próprio datacenter e usa a AWS para o resto, com os dois lados conectados. Qual é o modelo de implantação?	Híbrido: recursos na nuvem e recursos fora dela, conectados.	CLF-C02 dominio-1 secao-1_1
Por que usar a nuvem não tira toda a responsabilidade do cliente?	Porque o provedor assume o hardware e, dependendo do modelo, outras camadas, mas o cliente continua decidindo e configurando o que coloca na nuvem, como dados, acessos e, no IaaS, o sistema operacional.	CLF-C02 dominio-1 secao-1_1
Quais são as seis vantagens da computação em nuvem segundo a AWS?	Trocar despesa fixa por variável, beneficiar-se de economias de escala, parar de adivinhar a capacidade, aumentar a velocidade e a agilidade, parar de gastar com datacenters e tornar-se global em minutos.	CLF-C02 dominio-1 secao-1_2
Uma loja tem servidores ociosos o ano todo, exceto na Black Friday. Qual vantagem resolve isso?	Parar de adivinhar a capacidade: na nuvem, a loja aumenta a capacidade no pico e reduz depois, pagando só pelo que usa.	CLF-C02 dominio-1 secao-1_2
Por que a AWS consegue preços menores que uma empresa sozinha?	Pelas economias de escala: o uso de centenas de milhares de clientes é somado, o que permite custos menores, repassados no preço por uso.	CLF-C02 dominio-1 secao-1_2
O que quer dizer trocar CapEx por OpEx?	Trocar o investimento antecipado em equipamento (despesa de capital) por gastos contínuos de acordo com o uso (despesa operacional). É a vantagem de trocar despesa fixa por variável.	CLF-C02 dominio-1 secao-1_2
Como a nuvem ajuda a atender usuários em outros continentes?	Permitindo implantar a aplicação em várias Regiões do mundo com poucos cliques, mais perto dos usuários, o que reduz a latência. É a vantagem de tornar-se global em minutos.	CLF-C02 dominio-1 secao-1_2
A aplicação adiciona instâncias no pico e remove de madrugada, sozinha.	Elasticidade.	CLF-C02 dominio-1 secao-1_3
Como garantir que a falha de um datacenter não derrube a aplicação?	Implantar em várias AZs (alta disponibilidade).	CLF-C02 dominio-1 secao-1_3
Qual estratégia de DR tem menor custo?	Backup and Restore.	CLF-C02 dominio-1 secao-1_3
E menor tempo de recuperação?	Multi-site active/active.	CLF-C02 dominio-1 secao-1_3
Como evitar que a falha de um componente afete os outros?	Acoplamento fraco com SQS, SNS ou EventBridge.	CLF-C02 dominio-1 secao-1_3
O que significa RPO de 1 hora?	Aceita-se perder no máximo 1 hora de dados.	CLF-C02 dominio-1 secao-1_3
Aumentar o tamanho da instância é escala...	Vertical.	CLF-C02 dominio-1 secao-1_3
Adicionar instâncias é...	Horizontal.	CLF-C02 dominio-1 secao-1_3
Quantos e quais são os pilares?	Seis: Excelência Operacional, Segurança, Confiabilidade, Eficiência de Performance, Otimização de Custos e Sustentabilidade.	CLF-C02 dominio-1 secao-1_4
Qual pilar inclui recuperar automaticamente de falhas e escalar horizontalmente?	Confiabilidade.	CLF-C02 dominio-1 secao-1_4
Qual pilar inclui rastreabilidade e menor privilégio?	Segurança.	CLF-C02 dominio-1 secao-1_4
Qual pilar inclui fazer mudanças pequenas, frequentes e reversíveis?	Excelência Operacional.	CLF-C02 dominio-1 secao-1_4
Qual pilar inclui usar serverless e experimentar com frequência?	Eficiência de Performance.	CLF-C02 dominio-1 secao-1_4
Qual pilar inclui adotar o modelo de consumo e analisar gastos?	Otimização de Custos.	CLF-C02 dominio-1 secao-1_4
Qual pilar foi o último adicionado e trata de impacto ambiental?	Sustentabilidade.	CLF-C02 dominio-1 secao-1_4
Qual ferramenta revisa uma carga de trabalho contra os pilares?	AWS Well-Architected Tool.	CLF-C02 dominio-1 secao-1_4
Qual perspectiva do CAF trata de treinamento, cultura e mudança organizacional?	People.	CLF-C02 dominio-1 secao-1_5
Qual perspectiva garante que a estratégia de nuvem gere valor de negócio?	Business.	CLF-C02 dominio-1 secao-1_5
Qual perspectiva cuida de risco, orçamento e gestão do programa?	Governance.	CLF-C02 dominio-1 secao-1_5
Qual perspectiva trata da arquitetura e da plataforma técnica?	Platform.	CLF-C02 dominio-1 secao-1_5
Qual perspectiva trata de identidade, proteção de dados e resposta a incidentes?	Security.	CLF-C02 dominio-1 secao-1_5
Qual perspectiva trata de monitoramento e gestão de incidentes operacionais?	Operations.	CLF-C02 dominio-1 secao-1_5
Quais são as fases da jornada de transformação?	Envision, Align, Launch e Scale.	CLF-C02 dominio-1 secao-1_5
Qual é um benefício do CAF?	Reduzir risco de negócio, melhorar ESG, aumentar receita ou eficiência operacional.	CLF-C02 dominio-1 secao-1_5
Migrar servidores para EC2 sem mudar nada.	Rehost.	CLF-C02 dominio-1 secao-1_6
Migrar o banco para RDS para reduzir administração, sem mudar a aplicação.	Replatform.	CLF-C02 dominio-1 secao-1_6
Trocar o sistema próprio por um produto SaaS.	Repurchase.	CLF-C02 dominio-1 secao-1_6
Reescrever a aplicação para usar Lambda e microsserviços.	Refactor.	CLF-C02 dominio-1 secao-1_6
Desligar aplicações que ninguém usa.	Retire.	CLF-C02 dominio-1 secao-1_6
Manter a aplicação no datacenter por exigência regulatória.	Retain.	CLF-C02 dominio-1 secao-1_6
Qual estratégia é a mais rápida?	Rehost.	CLF-C02 dominio-1 secao-1_6
Qual traz mais benefícios de nuvem a longo prazo?	Refactor.	CLF-C02 dominio-1 secao-1_6
Qual custo deixa de existir ao migrar para a AWS?	Custos de datacenter (energia, refrigeração, espaço físico, compra de hardware).	CLF-C02 dominio-1 secao-1_7
Qual custo continua sendo do cliente na nuvem?	Gestão das aplicações e dos dados, licenças não incluídas, uso dos recursos.	CLF-C02 dominio-1 secao-1_7
Como reduzir custo de licenças ao migrar?	BYOL com Dedicated Hosts, ou usar instâncias com licença incluída.	CLF-C02 dominio-1 secao-1_7
Qual ferramenta ajuda a montar o caso de negócio (TCO) da migração?	Migration Evaluator.	CLF-C02 dominio-1 secao-1_7
Qual prática ajusta recursos ao uso real?	Rightsizing.	CLF-C02 dominio-1 secao-1_7
Por que serviços gerenciados reduzem o TCO?	Diminuem o trabalho operacional (patches, backups, hardware).	CLF-C02 dominio-1 secao-1_7
Qual é a diferença entre segurança da nuvem e segurança na nuvem?	Segurança da nuvem é proteger a infraestrutura que roda os serviços, e é da AWS; segurança na nuvem é proteger o que o cliente coloca e configura nos serviços, e é do cliente.	CLF-C02 dominio-2 secao-2_1
Por que a escola tem menos trabalho de segurança no RDS do que num banco instalado numa instância EC2?	Porque no RDS a AWS assume o sistema operacional e o software do banco, incluindo instalação, patches e backups, que no EC2 seriam da escola.	CLF-C02 dominio-2 secao-2_1
Uma biblioteca empacotada numa função Lambda tem uma falha de segurança. Quem corrige?	O cliente, que precisa atualizar a biblioteca e publicar a função de novo.	CLF-C02 dominio-2 secao-2_1
O que é um controle compartilhado? Dê um exemplo.	É um controle que vale para as duas camadas, com cada lado fazendo a sua parte; a gestão de patches é o exemplo clássico: a AWS corrige a infraestrutura e o cliente corrige o SO convidado e as aplicações.	CLF-C02 dominio-2 secao-2_1
Num serviço como o S3, o que continua sendo responsabilidade do cliente?	Os dados e o acesso a eles: as opções de criptografia, a classificação do que é sensível e as permissões que dizem quem pode ler e gravar.	CLF-C02 dominio-2 secao-2_1
O que é o usuário root de uma conta AWS?	É a identidade criada junto com a conta, que entra com o e-mail e a senha usados na criação e tem acesso completo a todos os serviços e recursos da conta.	CLF-C02 dominio-2 secao-2_2
Por que a AWS recomenda não usar o root nas tarefas do dia a dia?	Porque ele tem poder total sobre a conta: qualquer erro ou vazamento da credencial afeta tudo, inclusive a cobrança e o encerramento da conta. O trabalho diário deve usar identidades com só as permissões necessárias.	CLF-C02 dominio-2 secao-2_2
Quais são as principais proteções do root?	Ativar MFA (hoje exigido em todos os tipos de conta), usar uma senha forte e exclusiva, não criar chaves de acesso para o root e usar e-mail de grupo e aprovação por várias pessoas.	CLF-C02 dominio-2 secao-2_2
Mudar o nome da conta exige entrar como root?	Não. Nome da conta, dados de contato, contatos alternativos, moeda de pagamento e Regiões podem ser mudados sem o root. Mudar o e-mail, a senha e as chaves de acesso do root de uma conta independente exige o root.	CLF-C02 dominio-2 secao-2_2
Cite três tarefas que exigem o root.	Encerrar uma conta independente, restaurar as permissões de um administrador do IAM que se trancou do lado de fora e ativar o acesso do IAM ao console de faturamento. Também valem destravar uma política de bucket S3 ou de fila SQS que nega acesso a todos e configurar MFA Delete num bucket S3.	CLF-C02 dominio-2 secao-2_2
Qual é a diferença entre um usuário do IAM e uma função do IAM?	O usuário representa uma pessoa ou programa e tem credenciais de longo prazo (senha e chaves de acesso). A função não pertence a ninguém: é assumida por quem precisa dela e entrega credenciais temporárias, geradas pelo AWS STS.	CLF-C02 dominio-2 secao-2_3
Uma política permite ler um bucket e outra nega a mesma ação. O que acontece?	O pedido é negado, porque uma negação explícita sempre vence uma permissão.	CLF-C02 dominio-2 secao-2_3
Como dar a uma aplicação numa instância EC2 acesso a um bucket S3 sem gravar credenciais no servidor?	Criar uma função do IAM com a permissão necessária e anexá-la à instância por meio de um perfil de instância. A aplicação recebe credenciais temporárias renovadas automaticamente.	CLF-C02 dominio-2 secao-2_3
Quando usar o IAM Identity Center e quando usar o Amazon Cognito?	O Identity Center dá a funcionários acesso a várias contas AWS e aplicações, com login único. O Cognito cuida do cadastro e do login dos usuários de um aplicativo, como clientes de um site.	CLF-C02 dominio-2 secao-2_3
Qual serviço guarda a senha de um banco de dados com rotação automática?	O AWS Secrets Manager, que guarda, recupera e troca segredos automaticamente num calendário.	CLF-C02 dominio-2 secao-2_3
Por que a AWS recomenda usar várias contas?	Porque cada conta é uma fronteira de permissões, segurança, custos e cargas de trabalho. Separar ambientes isola dados sensíveis, limita o impacto de incidentes, separa custos e distribui as cotas de serviço.	CLF-C02 dominio-2 secao-2_4
Uma SCP permite o S3, mas o usuário não tem nenhuma política do IAM para o S3. Ele consegue acessar?	Não. A SCP só define o máximo possível; ela não concede permissão. O acesso exige que a SCP e uma política do IAM liberem a ação.	CLF-C02 dominio-2 secao-2_4
Uma SCP nega uma ação numa OU. Um usuário com AdministratorAccess numa conta dessa OU consegue fazer a ação?	Não. O bloqueio da SCP vale para todos os usuários e funções das contas-membro abaixo da OU, inclusive o root delas. A exceção é a conta de gerenciamento, que as SCPs não afetam.	CLF-C02 dominio-2 secao-2_4
O que o faturamento consolidado faz?	Junta as contas da organização numa fatura e soma o uso de todas para compartilhar descontos por volume, de Instâncias Reservadas e de Savings Plans, sem custo adicional.	CLF-C02 dominio-2 secao-2_4
Qual é a diferença entre o AWS Organizations e o AWS Control Tower?	O Organizations é a base: agrupa contas em OUs, aplica SCPs e consolida a fatura. O Control Tower usa o Organizations e outros serviços para montar automaticamente uma landing zone com boas práticas, controles e criação padronizada de contas.	CLF-C02 dominio-2 secao-2_4
Qual é a diferença entre o AWS KMS e o AWS CloudHSM?	O KMS é um serviço gerenciado de chaves, com HSMs compartilhados e gerenciados pela AWS e integração com muitos serviços. O CloudHSM oferece HSMs dedicados a um único cliente, que administra os próprios usuários e chaves.	CLF-C02 dominio-2 secao-2_5
Um usuário tem permissão de leitura num bucket, mas o objeto está cifrado com SSE-KMS e uma chave gerenciada pelo cliente. Ele consegue ler?	Só se também tiver permissão para usar a chave (`kms:Decrypt`). Permissão no bucket sozinha não basta.	CLF-C02 dominio-2 secao-2_5
Para que serve o AWS Certificate Manager?	Para criar, guardar e renovar certificados SSL/TLS usados no HTTPS de serviços como o Elastic Load Balancing, o CloudFront e o API Gateway. Com validação por DNS, a renovação é automática.	CLF-C02 dominio-2 secao-2_5
Como saber quem usou uma chave do KMS?	Pelo AWS CloudTrail, que registra todas as chamadas ao KMS, inclusive as feitas por outros serviços em nome do cliente.	CLF-C02 dominio-2 secao-2_5
Um objeto enviado hoje ao S3 sem nenhuma configuração fica cifrado?	Sim. Desde 5 de janeiro de 2023, todo objeto novo no S3 é cifrado automaticamente com SSE-S3, sem custo adicional.	CLF-C02 dominio-2 secao-2_5
Onde baixar o relatório SOC 2 da AWS?	No AWS Artifact, portal gratuito de autoatendimento com os documentos de segurança e compliance da AWS, como relatórios SOC, PCI e ISO.	CLF-C02 dominio-2 secao-2_6
Qual é a diferença entre o AWS Artifact e o AWS Audit Manager?	O Artifact fornece os relatórios e acordos de compliance da própria AWS. O Audit Manager coleta continuamente evidências das contas do cliente e as organiza por controle, para as auditorias do cliente.	CLF-C02 dominio-2 secao-2_6
Usar apenas serviços que estão no escopo do PCI DSS coloca a aplicação em conformidade com o PCI DSS?	Não. A AWS cobre a parte dela; o cliente ainda precisa configurar e operar sua aplicação do jeito que a norma exige. A responsabilidade de compliance é compartilhada.	CLF-C02 dominio-2 secao-2_6
Como garantir que os dados de clientes fiquem num país específico?	Escolhendo uma Região nesse país para guardar os dados. A AWS não move nem replica o conteúdo para fora das Regiões escolhidas, exceto quando necessário para o serviço iniciado pelo cliente ou para cumprir a lei.	CLF-C02 dominio-2 secao-2_6
Para que servem as regras do AWS Config?	"Para avaliar continuamente se a configuração dos recursos segue a configuração desejada, como ""nenhum bucket público"". Recursos fora da regra podem ser corrigidos com remediação automática."	CLF-C02 dominio-2 secao-2_6
Qual serviço registra quem encerrou uma instância e quando?	O AWS CloudTrail, que registra as chamadas de API da conta como eventos, com a identidade, a ação, o horário, a origem e o recurso.	CLF-C02 dominio-2 secao-2_7
Como guardar os eventos do CloudTrail por anos?	Criando uma trilha que entrega os eventos num bucket S3, onde ficam pelo tempo que a escola quiser. A trilha pode cobrir todas as Regiões e, numa organização, todas as contas.	CLF-C02 dominio-2 secao-2_7
Qual é a diferença entre o CloudTrail e o Config?	O CloudTrail registra ações: quem fez cada chamada de API e quando. O Config registra estados: como cada recurso estava configurado ao longo do tempo e se seguia as regras.	CLF-C02 dominio-2 secao-2_7
Como coletar o uso de memória de uma instância EC2 no CloudWatch?	Instalando o agente do CloudWatch na instância. A memória usada dentro do sistema operacional não está entre as métricas que o EC2 envia por padrão.	CLF-C02 dominio-2 secao-2_7
Como ser avisado quando os gastos da conta passarem de um valor?	Criando um alarme de cobrança no CloudWatch, com notificação por um tópico do SNS. A métrica de gastos estimados fica na Região Leste dos EUA (Norte da Virgínia).	CLF-C02 dominio-2 secao-2_7
Qual é a diferença entre um security group e uma ACL de rede?	O security group atua no recurso, só tem regras de permitir e é stateful (a resposta volta sozinha). A ACL de rede atua na sub-rede, tem regras de permitir e negar, avaliadas em ordem numérica, e é stateless (a resposta precisa de regra própria).	CLF-C02 dominio-2 secao-2_8
Um security group novo deixa algum tráfego entrar?	Não. Um security group novo não tem regras de entrada, então nada entra até alguém liberar; ele já vem com uma regra que permite todo o tráfego de saída.	CLF-C02 dominio-2 secao-2_8
Qual serviço protege contra injeção de SQL num site atrás de um load balancer?	O AWS WAF, com um web ACL associado ao Application Load Balancer e regras que inspecionam os pedidos HTTP em busca de código SQL malicioso.	CLF-C02 dominio-2 secao-2_8
Qual é a diferença entre o Shield Standard e o Shield Advanced?	O Standard protege todos os clientes automaticamente, sem custo adicional, contra os ataques DDoS de rede e transporte mais comuns. O Advanced é pago, com compromisso de um ano, e acrescenta proteção contra ataques maiores e na camada de aplicação, acesso 24 horas ao Shield Response Team e proteção contra aumentos de cobrança causados por DDoS.	CLF-C02 dominio-2 secao-2_8
Para que serve o AWS Firewall Manager?	Para administrar de forma central regras do WAF, do Shield Advanced, de security groups, de ACLs de rede e do Network Firewall em todas as contas de uma organização, aplicando-as também às contas e recursos novos.	CLF-C02 dominio-2 secao-2_8
Qual serviço detecta uma instância EC2 se comunicando com um servidor de mineração de criptomoeda?	O Amazon GuardDuty, que analisa continuamente fontes como Flow Logs, eventos do CloudTrail e consultas DNS, usando inteligência de ameaças e aprendizado de máquina.	CLF-C02 dominio-2 secao-2_9
Qual é a diferença entre o GuardDuty e o Inspector?	O GuardDuty detecta ameaças e atividade maliciosa em andamento. O Inspector encontra vulnerabilidades de software e exposição de rede em instâncias EC2, imagens no ECR e funções Lambda.	CLF-C02 dominio-2 secao-2_9
Qual serviço encontra dados pessoais guardados no S3?	O Amazon Macie, que usa aprendizado de máquina e reconhecimento de padrões para descobrir dados sensíveis nos objetos do S3 e também avalia a segurança dos buckets.	CLF-C02 dominio-2 secao-2_9
Para que serve o Amazon Detective?	Para investigar a causa raiz de achados de segurança e atividades suspeitas, com visualizações que mostram como identidades e recursos se relacionaram ao longo do tempo.	CLF-C02 dominio-2 secao-2_9
O que o AWS Security Hub faz?	Reúne, correlaciona e prioriza os achados de serviços como GuardDuty, Inspector e Macie e verifica as contas contra padrões de segurança, como AWS Foundational Security Best Practices, CIS e PCI DSS.	CLF-C02 dominio-2 secao-2_9
O cliente precisa de aprovação da AWS para fazer um teste de intrusão na própria instância EC2?	Não. EC2 está na lista de serviços que o cliente pode testar na própria infraestrutura sem aprovação prévia.	CLF-C02 dominio-2 secao-2_10
Um teste de intrusão pode incluir uma simulação de DDoS livremente?	Não. DoS e DDoS, reais ou simulados, estão entre as atividades proibidas pela política de testes de intrusão e só podem seguir a política específica de simulação de DDoS.	CLF-C02 dominio-2 secao-2_10
A quem denunciar spam ou ataques vindos de um endereço IP da AWS?	À equipe AWS Trust & Safety, pelo formulário de abuso da AWS.	CLF-C02 dominio-2 secao-2_10
Onde a AWS publica avisos sobre vulnerabilidades que afetam seus serviços?	Nos Security Bulletins, a página de boletins de segurança da AWS. Outras fontes oficiais de informação de segurança são a página de segurança da AWS, o AWS Security Blog e o AWS Knowledge Center.	CLF-C02 dominio-2 secao-2_10
Onde encontrar produtos de segurança de outros fabricantes para usar na AWS?	No AWS Marketplace, catálogo curado de software, dados e serviços de terceiros, com categoria própria de segurança.	CLF-C02 dominio-2 secao-2_10
Quais são as formas de interagir com a AWS?	Console, CLI, SDKs e APIs (e CloudShell).	CLF-C02 dominio-3 secao-3_1
Um desenvolvedor quer chamar a AWS de dentro do código Python.	SDK (boto3).	CLF-C02 dominio-3 secao-3_1
Como criar ambientes idênticos de forma repetível e versionada?	CloudFormation (infraestrutura como código).	CLF-C02 dominio-3 secao-3_1
Qual a vantagem de IaC?	Repetibilidade, menos erro manual, versionamento e velocidade.	CLF-C02 dominio-3 secao-3_1
Qual opção de conectividade passa pela internet pública com criptografia?	Site-to-Site VPN.	CLF-C02 dominio-3 secao-3_1
Quais fatores considerar ao escolher uma região?	Compliance/residência de dados, latência para os clientes, serviços disponíveis e preço.	CLF-C02 dominio-3 secao-3_2
O que é uma AZ?	Um ou mais datacenters isolados dentro de uma região, com energia e rede redundantes.	CLF-C02 dominio-3 secao-3_2
Para que servem as edge locations?	Cache do CloudFront, DNS do Route 53 e entrada do Global Accelerator, perto do usuário.	CLF-C02 dominio-3 secao-3_2
Qual serviço é global?	IAM, Route 53, CloudFront ou Organizations.	CLF-C02 dominio-3 secao-3_2
A empresa precisa rodar serviços AWS no próprio datacenter.	AWS Outposts.	CLF-C02 dominio-3 secao-3_2
Latência de um dígito de milissegundo para usuários de uma cidade sem região AWS.	Local Zones.	CLF-C02 dominio-3 secao-3_2
Aplicação móvel em rede 5G com ultrabaixa latência.	Wavelength.	CLF-C02 dominio-3 secao-3_2
Como sobreviver à falha de uma região inteira?	Arquitetura multi-região.	CLF-C02 dominio-3 secao-3_2
Qual família de instância para aplicação com uso intenso de CPU?	Otimizada para computação (C).	CLF-C02 dominio-3 secao-3_3
Para banco de dados em memória?	Otimizada para memória (R, X).	CLF-C02 dominio-3 secao-3_3
Para machine learning com GPU?	Computação acelerada (P, G).	CLF-C02 dominio-3 secao-3_3
Para servidor web com carga equilibrada?	Uso geral (T, M).	CLF-C02 dominio-3 secao-3_3
Como instalar pacotes automaticamente ao lançar a instância?	User data.	CLF-C02 dominio-3 secao-3_3
O que acontece com o instance store ao parar a instância?	Os dados são perdidos.	CLF-C02 dominio-3 secao-3_3
Como manter um IP público fixo ao trocar de instância?	Elastic IP.	CLF-C02 dominio-3 secao-3_3
Qual processador oferece melhor preço/desempenho e eficiência energética?	AWS Graviton.	CLF-C02 dominio-3 secao-3_3
O que é uma AMI?	Modelo com SO e software usado para lançar instâncias.	CLF-C02 dominio-3 secao-3_3
Como ajustar automaticamente o número de instâncias à demanda?	EC2 Auto Scaling.	CLF-C02 dominio-3 secao-3_4
A loja tem pico toda sexta às 18h.	Scheduled scaling.	CLF-C02 dominio-3 secao-3_4
Manter a CPU média do grupo em 50%.	Target tracking.	CLF-C02 dominio-3 secao-3_4
Como distribuir tráfego entre instâncias em várias AZs?	Elastic Load Balancing.	CLF-C02 dominio-3 secao-3_4
Qual load balancer roteia por caminho de URL?	ALB.	CLF-C02 dominio-3 secao-3_4
Qual load balancer para milhões de conexões TCP com IP fixo?	NLB.	CLF-C02 dominio-3 secao-3_4
Qual load balancer para appliances de firewall de terceiros?	Gateway Load Balancer.	CLF-C02 dominio-3 secao-3_4
Auto Scaling e ELB juntos garantem o quê?	Alta disponibilidade e elasticidade (instâncias com falha são substituídas e o tráfego vai só para as saudáveis).	CLF-C02 dominio-3 secao-3_4
Qual serviço executa código sem servidores, em resposta a eventos?	Lambda.	CLF-C02 dominio-3 secao-3_5
Qual é o tempo máximo de execução do Lambda?	15 minutos.	CLF-C02 dominio-3 secao-3_5
Como o Lambda é cobrado?	No modelo base, requisições e duração; extras como concorrência provisionada podem cobrar sem invocação.	CLF-C02 dominio-3 secao-3_5
Rodar containers sem gerenciar instâncias.	Fargate (com ECS ou EKS).	CLF-C02 dominio-3 secao-3_5
Empresa já usa Kubernetes on-premises e quer migrar.	EKS.	CLF-C02 dominio-3 secao-3_5
Onde guardar imagens Docker privadas?	ECR.	CLF-C02 dominio-3 secao-3_5
Qual serviço orquestra containers e é nativo da AWS?	ECS.	CLF-C02 dominio-3 secao-3_5
Desenvolvedor quer só subir o código Java e deixar a AWS cuidar de capacidade e balanceamento.	Elastic Beanstalk.	CLF-C02 dominio-3 secao-3_6
Elastic Beanstalk tem custo próprio?	Não; paga-se só os recursos que ele cria.	CLF-C02 dominio-3 secao-3_6
Site WordPress simples com preço mensal fixo.	Lightsail.	CLF-C02 dominio-3 secao-3_6
Processar milhares de jobs em lote com a capacidade ideal.	AWS Batch.	CLF-C02 dominio-3 secao-3_6
Qual a vantagem do RDS sobre instalar o banco no EC2?	A AWS cuida de patch, backups, hardware e failover.	CLF-C02 dominio-3 secao-3_7
Como garantir failover automático do banco para outra AZ?	RDS Multi-AZ.	CLF-C02 dominio-3 secao-3_7
Como aliviar consultas de leitura pesadas?	Read Replicas (ou cache com ElastiCache).	CLF-C02 dominio-3 secao-3_7
Qual banco relacional compatível com MySQL e PostgreSQL oferece mais performance?	Aurora.	CLF-C02 dominio-3 secao-3_7
Qual banco NoSQL serverless com latência de milissegundos?	DynamoDB.	CLF-C02 dominio-3 secao-3_7
Replicação multi-região ativa-ativa no DynamoDB.	Global Tables.	CLF-C02 dominio-3 secao-3_7
Cache de microssegundos para DynamoDB.	DAX.	CLF-C02 dominio-3 secao-3_7
Banco para relacionamentos complexos (redes sociais, fraude).	Neptune.	CLF-C02 dominio-3 secao-3_7
Migrar banco MongoDB para serviço gerenciado.	DocumentDB.	CLF-C02 dominio-3 secao-3_7
Data warehouse para relatórios de BI sobre petabytes.	Redshift.	CLF-C02 dominio-3 secao-3_7
Quais motores o RDS suporta?	MySQL, PostgreSQL, MariaDB, Oracle, SQL Server, Db2 e Aurora.	CLF-C02 dominio-3 secao-3_7
Qual é a durabilidade do S3?	11 noves (99,999999999%).	CLF-C02 dominio-3 secao-3_8
Como proteger contra exclusão acidental?	Versionamento (e MFA Delete).	CLF-C02 dominio-3 secao-3_8
Como mover dados para classes mais baratas automaticamente após 30 dias?	Lifecycle policy.	CLF-C02 dominio-3 secao-3_8
Como dar acesso temporário a um arquivo privado?	Presigned URL.	CLF-C02 dominio-3 secao-3_8
Como hospedar um site estático barato?	S3 (com CloudFront na frente).	CLF-C02 dominio-3 secao-3_8
Como copiar objetos automaticamente para outra região?	Cross-Region Replication.	CLF-C02 dominio-3 secao-3_8
Como acelerar uploads de outros continentes?	S3 Transfer Acceleration.	CLF-C02 dominio-3 secao-3_8
Qual classe para dados com acesso imprevisível?	Intelligent-Tiering.	CLF-C02 dominio-3 secao-3_8
Qual a classe mais barata para arquivamento de longo prazo?	Glacier Deep Archive.	CLF-C02 dominio-3 secao-3_8
Qual classe guarda dados em uma única AZ?	One Zone-IA (ou Express One Zone).	CLF-C02 dominio-3 secao-3_8
Como garantir que logs não sejam alterados por 7 anos (WORM)?	S3 Object Lock.	CLF-C02 dominio-3 secao-3_8
Qual armazenamento em bloco persistente para EC2?	EBS.	CLF-C02 dominio-3 secao-3_9
Um volume EBS pode ser usado em outra AZ?	Não diretamente; cria-se um snapshot e um novo volume na outra AZ.	CLF-C02 dominio-3 secao-3_9
Onde ficam os snapshots do EBS?	No S3 (gerenciado pela AWS), de forma incremental.	CLF-C02 dominio-3 secao-3_9
Sistema de arquivos compartilhado para várias instâncias Linux.	EFS.	CLF-C02 dominio-3 secao-3_9
Compartilhamento de arquivos Windows integrado ao Active Directory.	FSx for Windows File Server.	CLF-C02 dominio-3 secao-3_9
Sistema de arquivos de alto desempenho para HPC.	FSx for Lustre.	CLF-C02 dominio-3 secao-3_9
Aplicações locais precisam usar armazenamento da AWS.	Storage Gateway.	CLF-C02 dominio-3 secao-3_9
Substituir fitas físicas de backup.	Tape Gateway.	CLF-C02 dominio-3 secao-3_9
Centralizar backups de vários serviços com políticas.	AWS Backup.	CLF-C02 dominio-3 secao-3_9
Mover dezenas de terabytes sem depender da internet.	Snowball Edge.	CLF-C02 dominio-3 secao-3_9
Processar dados num navio sem conexão.	Família Snow (computação na borda).	CLF-C02 dominio-3 secao-3_9
Recuperar servidores em minutos após desastre.	AWS Elastic Disaster Recovery.	CLF-C02 dominio-3 secao-3_9
O que torna uma subnet pública?	Ter rota para um Internet Gateway.	CLF-C02 dominio-3 secao-3_10
Instâncias em subnet privada precisam baixar atualizações.	NAT Gateway.	CLF-C02 dominio-3 secao-3_10
Conectar duas VPCs de contas diferentes.	VPC Peering.	CLF-C02 dominio-3 secao-3_10
Conectar dezenas de VPCs e o datacenter num hub.	Transit Gateway.	CLF-C02 dominio-3 secao-3_10
Acessar o S3 a partir da VPC sem passar pela internet.	Gateway VPC endpoint.	CLF-C02 dominio-3 secao-3_10
Conexão privada e dedicada, sem internet, com desempenho consistente.	Direct Connect.	CLF-C02 dominio-3 secao-3_10
Conexão criptografada com o datacenter, pronta hoje.	Site-to-Site VPN.	CLF-C02 dominio-3 secao-3_10
Funcionários em casa precisam acessar a VPC.	Client VPN.	CLF-C02 dominio-3 secao-3_10
Registrar domínio e gerenciar DNS.	Route 53.	CLF-C02 dominio-3 secao-3_10
Mandar 10% dos usuários para a nova versão.	Route 53 weighted routing.	CLF-C02 dominio-3 secao-3_10
Reduzir latência de conteúdo para usuários globais.	CloudFront.	CLF-C02 dominio-3 secao-3_10
IPs estáticos globais e failover rápido entre regiões para TCP/UDP.	Global Accelerator.	CLF-C02 dominio-3 secao-3_10
Criar e proteger uma API REST para funções Lambda.	API Gateway.	CLF-C02 dominio-3 secao-3_10
Consultar arquivos no S3 com SQL padrão, sem infraestrutura.	Athena.	CLF-C02 dominio-3 secao-3_11
Como o Athena é cobrado?	Por volume de dados escaneados.	CLF-C02 dominio-3 secao-3_11
Serviço de ETL serverless e catálogo de dados.	Glue.	CLF-C02 dominio-3 secao-3_11
Ingerir e processar dados de cliques em tempo real.	Kinesis Data Streams.	CLF-C02 dominio-3 secao-3_11
Entregar dados de streaming no S3 sem administração.	Amazon Data Firehose.	CLF-C02 dominio-3 secao-3_11
Rodar Spark e Hadoop gerenciados.	EMR.	CLF-C02 dominio-3 secao-3_11
Criar dashboards interativos de BI.	QuickSight.	CLF-C02 dominio-3 secao-3_11
Busca de texto e análise de logs.	OpenSearch Service.	CLF-C02 dominio-3 secao-3_11
Construir, treinar e implantar modelos de ML próprios.	SageMaker AI.	CLF-C02 dominio-3 secao-3_12
Identificar rostos e objetos em fotos.	Rekognition.	CLF-C02 dominio-3 secao-3_12
Analisar o sentimento de avaliações de clientes.	Comprehend.	CLF-C02 dominio-3 secao-3_12
Criar um chatbot de atendimento.	Lex.	CLF-C02 dominio-3 secao-3_12
Converter texto em voz.	Polly.	CLF-C02 dominio-3 secao-3_12
Converter áudio em texto.	Transcribe.	CLF-C02 dominio-3 secao-3_12
Traduzir conteúdo do site.	Translate.	CLF-C02 dominio-3 secao-3_12
Extrair dados de formulários escaneados.	Textract.	CLF-C02 dominio-3 secao-3_12
Busca inteligente nos documentos internos da empresa.	Kendra.	CLF-C02 dominio-3 secao-3_12
Assistente de IA generativa para funcionários e desenvolvedores.	Amazon Q.	CLF-C02 dominio-3 secao-3_12
Desacoplar componentes para que um pico não derrube o processamento.	SQS.	CLF-C02 dominio-3 secao-3_13
Ordenar mensagens por grupo e tratar duplicações no envio.	Fila SQS FIFO; o programa ainda precisa evitar efeitos repetidos.	CLF-C02 dominio-3 secao-3_13
Enviar a mesma mensagem para vários sistemas e para e-mail.	SNS.	CLF-C02 dominio-3 secao-3_13
Um evento precisa ser processado por várias filas em paralelo.	Fan-out com SNS + SQS.	CLF-C02 dominio-3 secao-3_13
Reagir a eventos de serviços AWS e de aplicações SaaS com regras.	EventBridge.	CLF-C02 dominio-3 secao-3_13
Executar uma tarefa todo dia às 2h sem servidor.	EventBridge Scheduler (disparando Lambda).	CLF-C02 dominio-3 secao-3_13
Orquestrar um processo com várias etapas e tratamento de erro.	Step Functions.	CLF-C02 dominio-3 secao-3_13
Criar uma central de atendimento na nuvem.	Amazon Connect.	CLF-C02 dominio-3 secao-3_14
Enviar e-mails de confirmação e marketing em massa.	SES.	CLF-C02 dominio-3 secao-3_14
Oferecer desktops virtuais a funcionários remotos.	WorkSpaces.	CLF-C02 dominio-3 secao-3_14
Disponibilizar um aplicativo de desktop pelo navegador.	AppStream 2.0.	CLF-C02 dominio-3 secao-3_14
Criar e hospedar rapidamente um app web ou mobile full-stack.	Amplify.	CLF-C02 dominio-3 secao-3_14
API GraphQL gerenciada com dados em tempo real.	AppSync.	CLF-C02 dominio-3 secao-3_14
Conectar milhões de sensores à nuvem.	IoT Core.	CLF-C02 dominio-3 secao-3_14
Orquestrar a esteira de CI/CD na AWS.	CodePipeline.	CLF-C02 dominio-3 secao-3_15
Compilar e executar testes sem gerenciar servidores de build.	CodeBuild.	CLF-C02 dominio-3 secao-3_15
Automatizar deploy em EC2 e servidores on-premises.	CodeDeploy.	CLF-C02 dominio-3 secao-3_15
Encontrar gargalos de latência entre microsserviços.	X-Ray.	CLF-C02 dominio-3 secao-3_15
Provisionar infraestrutura a partir de templates JSON/YAML.	CloudFormation.	CLF-C02 dominio-3 secao-3_16
Implantar a mesma stack em várias contas e regiões.	CloudFormation StackSets.	CLF-C02 dominio-3 secao-3_16
Gerenciar e aplicar patches em uma frota de instâncias, inclusive on-premises.	Systems Manager.	CLF-C02 dominio-3 secao-3_16
Acessar a instância sem abrir a porta 22.	Systems Manager Session Manager.	CLF-C02 dominio-3 secao-3_16
Ver eventos de manutenção da AWS que afetam meus recursos.	AWS Health Dashboard.	CLF-C02 dominio-3 secao-3_16
Pedir aumento do limite de instâncias.	Service Quotas.	CLF-C02 dominio-3 secao-3_16
Controlar quantas licenças de SQL Server estão em uso.	License Manager.	CLF-C02 dominio-3 secao-3_16
Recomendar o tamanho ideal das instâncias com base no uso.	Compute Optimizer.	CLF-C02 dominio-3 secao-3_16
Levantar servidores e dependências antes de migrar.	Application Discovery Service.	CLF-C02 dominio-3 secao-3_17
Estimar quanto a empresa vai economizar ao migrar.	Migration Evaluator.	CLF-C02 dominio-3 secao-3_17
Acompanhar todas as migrações num painel central.	Migration Hub.	CLF-C02 dominio-3 secao-3_17
Migrar servidores físicos e VMs para EC2 com pouca indisponibilidade.	Application Migration Service.	CLF-C02 dominio-3 secao-3_17
Migrar um banco sem desligar a aplicação.	DMS.	CLF-C02 dominio-3 secao-3_17
Converter um banco Oracle para Aurora PostgreSQL.	SCT + DMS.	CLF-C02 dominio-3 secao-3_17
Transferir arquivos online de forma automatizada para o S3.	DataSync.	CLF-C02 dominio-3 secao-3_17
Parceiros enviam arquivos via SFTP para o S3.	Transfer Family.	CLF-C02 dominio-3 secao-3_17
Como acompanhar a pegada de carbono do uso da AWS?	AWS Customer Carbon Footprint Tool.	CLF-C02 dominio-3 secao-3_18
Onde contratar especialistas certificados sob demanda para um projeto pequeno?	AWS IQ (descontinuado; hoje, AWS Marketplace Professional Services ou um parceiro da APN).	CLF-C02 dominio-3 secao-3_18
Qual serviço emite as credenciais temporárias usadas pelas roles?	AWS STS.	CLF-C02 dominio-3 secao-3_18
A aplicação usa RabbitMQ e deve migrar sem mudar o código.	Amazon MQ.	CLF-C02 dominio-3 secao-3_18
Testar a resiliência injetando falhas de propósito.	AWS Fault Injection Service.	CLF-C02 dominio-3 secao-3_18
Testar um app mobile em centenas de dispositivos reais.	AWS Device Farm.	CLF-C02 dominio-3 secao-3_18
Qual é um princípio de preço da AWS?	Pagar conforme o uso, economizar ao se comprometer, pagar menos por unidade ao usar mais.	CLF-C02 dominio-4 secao-4_1
Quais são os três principais geradores de custo?	Computação, armazenamento e transferência de dados de saída.	CLF-C02 dominio-4 secao-4_1
Aplicação nova, sem histórico de uso, que não pode ser interrompida.	On-Demand.	CLF-C02 dominio-4 secao-4_2
Servidor de banco que roda 24/7 pelos próximos 3 anos.	Reserved Instances ou Savings Plans (3 anos, All Upfront dá o maior desconto).	CLF-C02 dominio-4 secao-4_2
Desconto com flexibilidade entre EC2, Fargate e Lambda.	Compute Savings Plans.	CLF-C02 dominio-4 secao-4_2
Processamento em lote que pode ser interrompido e reiniciado.	Spot.	CLF-C02 dominio-4 secao-4_2
Qual o aviso antes de uma Spot ser interrompida?	2 minutos.	CLF-C02 dominio-4 secao-4_2
Licença de software por núcleo físico.	Dedicated Host.	CLF-C02 dominio-4 secao-4_2
Garantir capacidade numa AZ para um evento, sem contrato longo.	On-Demand Capacity Reservation.	CLF-C02 dominio-4 secao-4_2
Qual opção de pagamento dá o maior desconto?	All Upfront.	CLF-C02 dominio-4 secao-4_2
Reservas compradas podem ser revendidas?	Sim, RIs Standard no Reserved Instance Marketplace.	CLF-C02 dominio-4 secao-4_2
Qual transferência de dados é gratuita?	Entrada da internet para a AWS (e dentro da mesma AZ por IP privado).	CLF-C02 dominio-4 secao-4_3
Qual transferência é cobrada?	Saída para a internet, entre regiões e entre AZs.	CLF-C02 dominio-4 secao-4_3
Um volume EBS de 500 GB com 100 GB usados é cobrado por quanto?	Pelos 500 GB provisionados.	CLF-C02 dominio-4 secao-4_3
Qual serviço não tem custo próprio?	IAM, CloudFormation, Elastic Beanstalk, Auto Scaling, Organizations.	CLF-C02 dominio-4 secao-4_3
O que é o Free Tier?	Uso gratuito limitado para experimentar serviços (sempre gratuito, por período ou testes; contas novas usam modelo de créditos).	CLF-C02 dominio-4 secao-4_3
Estimar o custo de uma arquitetura antes de criá-la.	Pricing Calculator.	CLF-C02 dominio-4 secao-4_4
Visualizar gastos dos últimos meses e prever o próximo.	Cost Explorer.	CLF-C02 dominio-4 secao-4_4
Receber alerta quando o gasto previsto passar do orçamento.	Budgets.	CLF-C02 dominio-4 secao-4_4
Relatório mais detalhado de custo e uso, por hora e recurso.	Cost and Usage Report.	CLF-C02 dominio-4 secao-4_4
Ser avisado de um gasto anormal.	Cost Anomaly Detection.	CLF-C02 dominio-4 secao-4_4
Separar custos por projeto ou departamento.	Cost allocation tags (ativadas no Billing).	CLF-C02 dominio-4 secao-4_4
Uma fatura para várias contas, com desconto por volume.	Consolidated billing no Organizations.	CLF-C02 dominio-4 secao-4_4
Comprar software de terceiros pago na fatura AWS.	AWS Marketplace.	CLF-C02 dominio-4 secao-4_4
Onde ver recomendações de Savings Plans?	Cost Explorer.	CLF-C02 dominio-4 secao-4_4
Qual o plano mais barato com suporte técnico 24/7 por telefone?	Business Support+ (no modelo clássico, Business).	CLF-C02 dominio-4 secao-4_5
Qual o plano mais barato com todas as verificações do Trusted Advisor?	Business Support+ (no modelo clássico, Business).	CLF-C02 dominio-4 secao-4_5
Qual plano inclui TAM dedicado?	Enterprise.	CLF-C02 dominio-4 secao-4_5
Qual plano dá acesso a um pool de TAMs?	Enterprise On-Ramp (plano clássico, encerra em 01/01/2027).	CLF-C02 dominio-4 secao-4_5
Qual plano responde em menos de 15 minutos a um sistema crítico fora do ar?	Enterprise.	CLF-C02 dominio-4 secao-4_5
Qual plano responde em menos de 1 hora a produção fora do ar?	Business Support+ ou superior (no modelo clássico, Business).	CLF-C02 dominio-4 secao-4_5
Ambiente de testes que só precisa de ajuda técnica ocasional por e-mail.	Developer (plano clássico, encerra em 01/01/2027; no modelo atual, o plano pago de entrada é o Business Support+).	CLF-C02 dominio-4 secao-4_5
O plano Basic oferece suporte técnico?	Não; só atendimento de conta e faturamento, documentação e re:Post.	CLF-C02 dominio-4 secao-4_5
Quem ajuda com dúvidas de faturamento em planos Enterprise?	Concierge Support Team.	CLF-C02 dominio-4 secao-4_5
Quem pode mudar o plano de suporte?	🔄 Não é mais tarefa exclusiva do root (saiu da lista oficial em 10/2026): uma identidade IAM com as permissões necessárias.	CLF-C02 dominio-4 secao-4_5
Encontrar um parceiro certificado para implementar a migração.	AWS Partner Network.	CLF-C02 dominio-4 secao-4_6
Contratar consultoria diretamente da AWS.	AWS Professional Services.	CLF-C02 dominio-4 secao-4_6
Terceirizar a operação diária da infraestrutura para a AWS.	AWS Managed Services.	CLF-C02 dominio-4 secao-4_6
Tirar dúvidas técnicas com a comunidade.	AWS re:Post.	CLF-C02 dominio-4 secao-4_6
Respostas prontas para dúvidas comuns.	AWS Knowledge Center.	CLF-C02 dominio-4 secao-4_6
Startup busca créditos para começar na AWS.	AWS Activate.	CLF-C02 dominio-4 secao-4_6
